Workbook

Sheet Data
D1: Gulf | F1: In port | H1: Loaded | J1: Due | K1: PNW | P1: Vancouver
C2: Loading | D2: Waiting to | E2: In Port | F2: 4-year | G2: Loaded | H2: prior | I2: Due | J2: 10-days | L2: Waiting to | M2: In Port | N2: Loaded | O2: Due | P2: In Port | Q2: Loaded | R2: Due | T2: In Port | U2: Loaded
A3: Date | D3: load | F3: average | G3: 7-Days | H3: 4-year avg | I3: 10-days | J3: prior 4-yr avg | K3: Loading | L3: load | N3: 7-Days | O3: 10-days | Q3: 7-Days | R3: 10-days | S3: Week #
A4: 34703 | B4: 01/04/1995 | E4: 39 | G4: 58 | I4: 62 | S4: 1
A5: 34710 | B5: 01/11/1995 | E5: 36 | G5: 64 | I5: 72 | S5: 2
A6: 34717 | B6: 01/18/1995 | E6: 40 | G6: 60 | I6: 73 | S6: 3
A7: 34724 | B7: 01/25/1995 | E7: 41 | G7: 59 | I7: 63 | S7: 4
A8: 34731 | B8: 02/01/1995 | E8: 36 | G8: 62 | I8: 79 | S8: 5
A9: 34738 | B9: 02/08/1995 | E9: 42 | G9: 59 | I9: 78 | S9: 6
A10: 34745 | B10: 02/15/1995 | E10: 42 | G10: na | I10: na | S10: 7
A11: 34752 | B11: 02/22/1995 | E11: 32 | G11: 58 | I11: 73 | S11: 8
A12: 34759 | B12: 03/01/1995 | E12: 38 | G12: 56 | I12: 72 | S12: 9
A13: 34766 | B13: 03/08/1995 | E13: 35 | G13: 58 | I13: 77 | S13: 10
A14: 34773 | B14: 03/15/1995 | E14: 32 | G14: 50 | I14: 77 | S14: 11
A15: 34780 | B15: 03/22/1995 | E15: 31 | G15: 50 | I15: 83 | S15: 12
A16: 34787 | B16: 03/29/1995 | E16: 32 | G16: 44 | I16: 90 | S16: 13
A17: 34794 | B17: 04/05/1995 | E17: 29 | G17: 47 | I17: 77 | S17: 14
A18: 34801 | B18: 04/12/1995 | E18: 29 | G18: na | I18: na | S18: 15
A19: 34808 | B19: 04/19/1995 | E19: 27 | G19: 47 | I19: 69 | S19: 16
A20: 34815 | B20: 04/26/1995 | E20: 19 | G20: 37 | I20: 48 | S20: 17
A21: 34822 | B21: 05/03/1995 | E21: 24 | G21: 48 | I21: 48 | S21: 18
A22: 34829 | B22: 05/10/1995 | E22: 24 | G22: na | I22: na | S22: 19
A23: 34836 | B23: 05/17/1995 | E23: 26 | G23: 43 | I23: 59 | S23: 20
A24: 34843 | B24: 05/24/1995 | E24: 23 | G24: 53 | I24: 49 | S24: 21
A25: 34850 | B25: 05/31/1995 | E25: 30 | G25: 45 | I25: 42 | S25: 22
A26: 34857 | B26: 06/07/1995 | E26: 26 | G26: 37 | I26: 37 | S26: 23
A27: 34864 | B27: 06/14/1995 | E27: 28 | G27: 22 | I27: 31 | S27: 24
A28: 34871 | B28: 06/21/1995 | E28: 27 | G28: 30 | I28: 38 | S28: 25
A29: 34878 | B29: 06/28/1995 | E29: 26 | G29: 41 | I29: 52 | S29: 26
A30: 34885 | B30: 07/05/1995 | E30: 24 | G30: 40 | I30: 50 | S30: 27
A31: 34892 | B31: 07/12/1995 | E31: 17 | G31: 38 | I31: 56 | S31: 28
A32: 34899 | B32: 07/19/1995 | E32: 23 | G32: 44 | I32: 60 | S32: 29
A33: 34906 | B33: 07/26/1995 | E33: 24 | G33: 40 | I33: 67 | S33: 30
A34: 34913 | B34: 08/02/1995 | E34: 25 | G34: 48 | I34: 70 | S34: 31
... A54: 35053 | B54: 12/20/1995 | E54: 39 | G54: 39 | I54: 71 | S54: 51
A55: 35060 | B55: 12/27/1995 | E55: 32 | G55: 49 | I55: 66 | S55: 52 | T55: 31.358491 | U55: 45.933333
A56: 35067 | B56: 01/03/1996 | E56: 34 | G56: 40 | I56: 83 | S56: 1
A57: 35075 | B57: 01/11/1996 | E57: 37 | G57: 56 | I57: 75 | S57: 2
A58: 35081 | B58: 01/17/1996 | E58: 38 | G58: 52 | I58: 81 | S58: 3
A59: 35088 | B59: 01/24/1996 | E59: 30 | G59: 55 | I59: 88 | S59: 4
A60: 35095 | B60: 01/31/1996 | E60: 35 | G60: 48 | I60: 82 | S60: 5
A61: 35102 | B61: 02/07/1996 | E61: 49 | G61: 50 | I61: 76 | S61: 6
A62: 35109 | B62: 02/14/1996 | E62: 57 | G62: 47 | I62: 70 | S62: 7
A63: 35117 | B63: 02/22/1996 | E63: 49 | G63: 58 | I63: 70 | S63: 8
A64: 35123 | B64: 02/28/1996 | E64: 48 | G64: 56 | I64: 71 | S64: 9
A65: 35130 | B65: 03/06/1996 | E65: 52 | G65: 61 | I65: 68 | S65: 10
A66: 35138 | B66: 03/14/1996 | E66: 32 | G66: 58 | I66: 59 | S66: 11
A67: 35144 | B67: 03/20/1996 | E67: 32 | G67: 47 | I67: 64 | S67: 12
... A107: 35424 | B107: 12/25/1996 | E107: 45 | G107: 49 | I107: 68 | S107: 52
A108: 35432 | B108: 01/02/1997 | E108: 45 | G108: 42 | I108: 77 | S108: 1 | T108: 46.377358 | U108: 46.377358
A109: 35439 | B109: 01/09/1997 | E109: 47 | G109: 43 | I109: 72 | S109: 2
A110: 35446 | B110: 01/16/1997 | E110: 48 | G110: 53 | I110: 71 | S110: 3
A111: 35453 | B111: 01/23/1997 | E111: 43 | G111: 52 | I111: 68 | S111: 4
A112: 35460 | B112: 01/30/1997 | E112: 45 | G112: 43 | I112: 68 | S112: 5
A113: 35467 | B113: 02/06/1997 | E113: 43 | G113: 52 | I113: 66 | S113: 6
A114: 35474 | B114: 02/13/1997 | E114: 47 | G114: 50 | I114: 71 | S114: 7
A115: 35481 | B115: 02/20/1997 | E115: 41 | G115: 55 | I115: 58 | S115: 8
A116: 35488 | B116: 02/27/1997 | E116: 41 | G116: 44 | I116: 49 | S116: 9
A117: 35495 | B117: 03/06/1997 | E117: 37 | G117: 43 | I117: 62 | S117: 10
A118: 35502 | B118: 03/13/1997 | E118: 42 | G118: 46 | I118: 54 | S118: 11
A119: 35509 | B119: 03/20/1997 | E119: 43 | G119: 42 | I119: 48 | S119: 12
A120: 35516 | B120: 03/27/1997 | E120: 35 | G120: 35 | I120: 49 | S120: 13
... A124: 35544 | B124: 04/24/1997 | E124: 29 | G124: 38 | I124: 45 | S124: 17
A125: 35551 | B125: 05/01/1997 | E125: 29 | G125: 36 | I125: 39 | P125: 7 | Q125: 6 | R125: 1 | S125: 18
A126: 35558 | B126: 05/08/1997 | E126: 17 | G126: 45 | I126: 34 | P126: 9 | Q126: 10 | R126: 0 | S126: 19
A127: 35565 | B127: 05/15/1997 | E127: 11 | G127: 25 | I127: 45 | P127: 10 | Q127: 9 | R127: 5 | S127: 20
A128: 35572 | B128: 05/22/1997 | E128: 22 | G128: 26 | I128: 49 | P128: 9 | Q128: 10 | R128: 5 | S128: 21
A129: 35579 | B129: 05/29/1997 | E129: 36 | G129: 35 | I129: 31 | P129: 17 | Q129: 9 | R129: 4 | S129: 22
A130: 35586 | B130: 06/05/1997 | E130: 23 | G130: 34 | I130: 43 | P130: 16 | Q130: 12 | R130: 0 | S130: 23
A131: 35593 | B131: 06/12/1997 | E131: 27 | G131: 34 | I131: 53 | P131: 12 | Q131: 14 | R131: 0 | S131: 24
A132: 35600 | B132: 06/19/1997 | E132: 28 | G132: 37 | I132: 40 | P132: 12 | Q132: 5 | R132: 1 | S132: 25
A133: 35607 | B133: 06/26/1997 | E133: 21 | G133: 40 | I133: 42 | P133: 16 | Q133: 6 | R133: 4 | S133: 26
A134: 35614 | B134: 07/03/1997 | E134: 19 | G134: 32 | I134: 65 | P134: 15 | Q134: 13 | R134: 4 | S134: 27
A135: 35621 | B135: 07/10/1997 | E135: 29 | G135: 38 | I135: 55 | P135: 16 | Q135: 9 | R135: 9 | S135: 28
A136: 35628 | B136: 07/17/1997 | E136: 23 | G136: 40 | I136: 56 | P136: 11 | Q136: 18 | R136: 5 | S136: 29
... A142: 35670 | B142: 08/28/1997 | E142: 28 | G142: 52 | I142: 55 | P142: 10 | Q142: 10 | R142: 2 | S142: 35
A143: 35677 | B143: 09/04/1997 | E143: 33 | G143: 39 | I143: 55 | M143: 9 | P143: 7 | Q143: 7 | R143: 0 | S143: 36
A144: 35684 | B144: 09/11/1997 | E144: 33 | G144: 46 | I144: 59 | M144: 10 | P144: 5 | Q144: 3 | R144: 1 | S144: 37
A145: 35691 | B145: 09/18/1997 | E145: 35 | G145: 56 | I145: 64 | P145: 13 | Q145: 11 | R145: 4 | S145: 38
A146: 35698 | B146: 09/25/1997 | E146: 52 | G146: 48 | I146: 56 | P146: 13 | Q146: 13 | R146: 4 | S146: 39
A147: 35705 | B147: 10/02/1997 | E147: 36 | G147: 52 | I147: 52 | P147: 9 | Q147: 4 | R147: 7 | S147: 40
A148: 35712 | B148: 10/09/1997 | E148: 31 | G148: 54 | I148: 62 | P148: 13 | Q148: 8 | R148: 0 | S148: 41
A149: 35719 | B149: 10/16/1997 | E149: 37 | G149: 46 | I149: 64 | P149: 13 | Q149: 11 | R149: 2 | S149: 42
A150: 35726 | B150: 10/23/1997 | E150: 30 | G150: 61 | I150: 60 | P150: 14 | Q150: 16 | R150: 4 | S150: 43
A151: 35733 | B151: 10/30/1997 | E151: 34 | G151: 50 | I151: 67 | P151: 14 | Q151: 9 | R151: 6 | S151: 44
A152: 35740 | B152: 11/06/1997 | E152: 35 | G152: 56 | I152: 75 | P152: 14 | Q152: 16 | R152: 4 | S152: 45
A153: 35747 | B153: 11/13/1997 | E153: 33 | G153: 49 | I153: 70 | P153: 15 | Q153: 12 | R153: 3 | S153: 46
A154: 35754 | B154: 11/20/1997 | E154: 29 | G154: 54 | I154: 73 | P154: 14 | Q154: 12 | R154: 6 | S154: 47
A155: 35761 | B155: 11/27/1997 | E155: 34 | G155: 54 | I155: 89 | P155: 13 | Q155: 5 | R155: 3 | S155: 48
A156: 35768 | B156: 12/04/1997 | E156: 44 | G156: 59 | I156: 75 | P156: 10 | Q156: 14 | R156: 2 | S156: 49
... A159: 35789 | B159: 12/25/1997 | E159: 31 | G159: 58 | I159: 67 | P159: 7 | Q159: 11 | R159: 4 | S159: 52
A160: 35796 | B160: 01/01/1998 | E160: 41 | G160: 46 | I160: 79 | P160: 12 | Q160: 5 | R160: 1 | S160: 1 | T160: 33.27451 | U160: 44.686275
A161: 35803 | B161: 01/08/1998 | E161: 41 | G161: 46 | I161: 79 | P161: 12 | Q161: 9 | R161: 2 | S161: 2
A162: 35810 | B162: 01/15/1998 | E162: 45 | G162: 49 | I162: 80 | P162: 15 | Q162: 7 | R162: 2 | S162: 3
A163: 35817 | B163: 01/22/1998 | E163: 62 | G163: 55 | I163: 65 | P163: 17 | Q163: 12 | R163: 2 | S163: 4
A164: 35824 | B164: 01/29/1998 | E164: 57 | G164: 52 | I164: 71 | P164: 12 | Q164: 14 | R164: 1 | S164: 5
A165: 35831 | B165: 02/05/1998 | E165: 52 | G165: 52 | I165: 84 | P165: 10 | Q165: 8 | R165: 7 | S165: 6
A166: 35838 | B166: 02/12/1998 | E166: 62 | G166: 56 | I166: 58 | P166: 11 | Q166: 13 | R166: 8 | S166: 7
A167: 35845 | B167: 02/19/1998 | E167: 56 | G167: 57 | I167: 66 | P167: 16 | Q167: 7 | R167: 4 | S167: 8
A168: 35852 | B168: 02/26/1998 | E168: 49 | G168: 52 | I168: 61 | P168: 16 | Q168: 8 | R168: 1 | S168: 9
...

Sheet New  Table 19
A1: Table 19
A2: Weekly port region grain ocean vessel activity (number of vessels)
A3: Date | B3: Gulf | E3: Pacific Northwest
B5: In port | C5: Loaded 7-days | D5: Due next 10-days | E5: In port
A7: =Data!A1662 -> 46310 | B7: =Data!E1662 -> 24 | C7: =Data!G1662 -> 31 | D7: =Data!I1662 -> 45 | E7: =Data!M1662 -> 18
A8: =Data!A1661 -> 46303 | B8: =Data!E1661 -> 27 | C8: =Data!G1661 -> 28 | D8: =Data!I1661 -> 46 | E8: =Data!M1661 -> 17
A9: 2025 range | B9: (12…40) | C9: (11…37) | D9: (26…55) | E9: (5…25)
A10: 2025 average | B10: 28 | C10: 28 | D10: 45 | E10: 13
A11: Source: USDA, Agricultural Marketing Service.

Sheet Figure 19 Redesigned
B43: Alt Text:
B45: This figure depicts bar chats representing grain vessel loading activity for the ocean-going vessels in the U.S. Gulf

Sheet Figure 19 table
D5: Week ending 10/15/26, number of vessels | E5: Loaded | F5: Due
D6: Change from last year | E6: 0.033 | F6: -0.043
D7: Change from 4-year average | E7: -0.031 | F7: 0.047
